Name,Precision,Recall,F1,Accuracy
Logistic Regression,0.0,0.0,0.0,0.5066666666666667
SVM,0.49333333333333335,1.0,0.6607142857142857,0.49333333333333335
Multilayer Perceptron,0.49333333333333335,1.0,0.6607142857142857,0.49333333333333335
